Date,Close Price,Open Price,High Price,Low Price,Total Traded Quantity,TTQ,Month,Year,Day_Perc_Change,Trend
2019-10-24,139.94,139.14,140.4,138.69,37.28M,37280000.0,10,2019,0.0,Slight or No change
2019-10-23,137.24,136.88,137.45,135.61,31.38M,31380000.0,10,2019,-0.019293983135629467,Slight or No change
2019-10-22,136.37,138.97,140.01,136.26,27.94M,27940000.0,10,2019,-0.0063392596910522014,Slight or No change
2019-10-21,138.43,138.45,138.5,137.01,20.72M,20720000.0,10,2019,0.015105961721786354,Slight or No change
2019-10-18,137.41,139.76,140.0,136.56,32.28M,32280000.0,10,2019,-0.007368345011919408,Slight or No change
2019-10-17,139.69,140.95,141.42,139.02,22.10M,22100000.0,10,2019,0.016592678844334463,Slight or No change
2019-10-16,140.41,140.79,140.99,139.53,20.84M,20840000.0,10,2019,0.005154270169661412,Slight or No change
2019-10-15,141.57,140.06,141.79,139.81,19.92M,19920000.0,10,2019,0.008261519834769526,Slight or No change
2019-10-14,139.55,139.69,140.29,139.52,13.59M,13590000.0,10,2019,-0.014268559723105034,Slight or No change
2019-10-11,139.68,140.12,141.03,139.5,25.55M,25550000.0,10,2019,0.0009315657470441163,Slight or No change
2019-10-10,139.1,138.49,139.67,138.25,18.40M,18400000.0,10,2019,-0.004152348224513269,Slight or No change
2019-10-09,138.24,137.46,138.7,136.97,20.18M,20180000.0,10,2019,-0.006182602444284591,Slight or No change
2019-10-08,135.67,137.08,137.76,135.62,26.78M,26780000.0,10,2019,-0.01859085648148162,Slight or No change
2019-10-07,137.12,137.14,138.18,137.02,16.60M,16600000.000000002,10,2019,0.010687698090956044,Slight or No change
2019-10-04,138.12,136.75,138.25,136.42,23.84M,23840000.0,10,2019,0.007292882147024393,Slight or No change
2019-10-03,136.28,134.95,136.75,133.22,26.38M,26380000.0,10,2019,-0.013321749203591082,Slight or No change
2019-10-02,134.65,136.25,136.37,133.58,32.00M,32000000.0,10,2019,-0.011960669210449026,Slight or No change
2019-10-01,137.07,139.66,140.25,137.0,22.58M,22580000.0,10,2019,0.017972521351652393,Slight or No change
2019-09-30,139.03,138.05,139.22,137.78,18.43M,18430000.0,9,2019,0.014299263150215236,Slight or No change
2019-09-27,137.73,140.15,140.36,136.65,22.50M,22500000.0,9,2019,-0.009350499892109676,Slight or No change
2019-09-26,139.54,139.44,140.18,138.44,17.81M,17810000.0,9,2019,0.013141653960647703,Slight or No change
2019-09-25,139.36,137.5,139.96,136.03,22.54M,22540000.0,9,2019,-0.0012899527017341539,Slight or No change
2019-09-24,137.38,140.36,140.69,136.88,30.02M,30020000.0,9,2019,-0.014207807118254978,Slight or No change
2019-09-23,139.14,139.23,139.63,138.44,17.41M,17410000.0,9,2019,0.012811180666763677,Slight or No change
2019-09-20,139.44,141.01,141.65,138.25,40.04M,40040000.0,9,2019,0.0021561017680036265,Slight or No change
2019-09-19,141.07,140.3,142.37,140.07,36.10M,36100000.0,9,2019,0.011689615605278147,Slight or No change
2019-09-18,138.52,137.36,138.67,136.53,24.47M,24470000.0,9,2019,-0.01807613241653072,Slight or No change
2019-09-17,137.39,136.96,137.52,136.43,17.98M,17980000.0,9,2019,-0.00815766676292251,Slight or No change
2019-09-16,136.33,135.83,136.7,135.66,16.73M,16730000.0,9,2019,-0.007715263119586369,Slight or No change
2019-09-13,137.32,137.78,138.06,136.57,23.36M,23360000.0,9,2019,0.007261791241839566,Slight or No change
2019-09-12,137.52,137.85,138.42,136.87,27.01M,27010000.0,9,2019,0.0014564520827267113,Slight or No change
2019-09-11,136.12,135.91,136.27,135.09,24.73M,24730000.0,9,2019,-0.01018033740546831,Slight or No change
2019-09-10,136.08,136.8,136.89,134.51,28.90M,28900000.0,9,2019,-0.00029385836027029377,Slight or No change
2019-09-09,137.52,139.59,139.75,136.46,25.77M,25770000.0,9,2019,0.01058201058201047,Slight or No change
2019-09-06,139.1,140.03,140.18,138.2,20.82M,20820000.0,9,2019,0.01148923792902834,Slight or No change
2019-09-05,140.05,139.11,140.38,138.76,26.12M,26120000.0,9,2019,0.006829618979151908,Slight or No change
2019-09-04,137.63,137.3,137.69,136.48,18.02M,18020000.0,9,2019,-0.017279543020349952,Slight or No change
2019-09-03,136.04,136.61,137.2,135.7,18.88M,18880000.0,9,2019,-0.011552713797863823,Slight or No change
2019-08-30,137.86,139.15,139.18,136.27,23.95M,23950000.0,8,2019,0.01337841811231999,Slight or No change
2019-08-29,138.12,137.25,138.44,136.91,20.18M,20180000.0,8,2019,0.0018859712752066216,Slight or No change
2019-08-28,135.56,134.88,135.76,133.55,17.41M,17410000.0,8,2019,-0.018534607587604945,Slight or No change
2019-08-27,135.74,136.39,136.72,134.66,23.12M,23120000.0,8,2019,0.0013278253172026577,Slight or No change
2019-08-26,135.45,134.99,135.56,133.9,20.33M,20330000.0,8,2019,-0.002136437306615724,Slight or No change
2019-08-23,133.39,137.19,138.35,132.8,38.52M,38520000.0,8,2019,-0.01520856404577342,Slight or No change
2019-08-22,137.78,138.66,139.2,136.29,18.71M,18710000.0,8,2019,0.03291101281955178,Slight or No change
2019-08-21,138.79,138.55,139.49,138.0,14.98M,14980000.0,8,2019,0.007330526926984993,Slight or No change
2019-08-20,137.26,138.21,138.71,137.24,21.19M,21190000.0,8,2019,-0.011023848980474149,Slight or No change
2019-08-19,138.41,137.85,138.55,136.88,24.37M,24370000.0,8,2019,0.008378260236048485,Slight or No change
2019-08-16,136.13,134.88,136.46,134.72,25.03M,25030000.0,8,2019,-0.016472798208222006,Slight or No change
2019-08-15,133.68,134.39,134.58,132.25,28.13M,28130000.0,8,2019,-0.017997502387423703,Slight or No change
2019-08-14,133.98,136.36,136.92,133.67,32.53M,32530000.0,8,2019,0.002244165170556478,Slight or No change
2019-08-13,138.6,136.05,138.8,135.0,25.50M,25500000.0,8,2019,0.034482758620689724,Slight or No change
2019-08-12,135.79,137.07,137.86,135.24,20.48M,20480000.0,8,2019,-0.020274170274170333,Slight or No change
2019-08-09,137.71,138.61,139.38,136.46,23.47M,23470000.0,8,2019,0.014139480079534694,Slight or No change
2019-08-08,138.89,136.6,138.99,135.93,27.50M,27500000.0,8,2019,0.008568731392055717,Slight or No change
2019-08-07,135.28,133.79,135.65,131.83,33.41M,33409999.999999996,8,2019,-0.025991792065663377,Slight or No change
2019-08-06,134.69,133.8,135.68,133.21,32.70M,32700000.000000004,8,2019,-0.004361324659964527,Slight or No change
2019-08-05,132.21,133.3,133.93,130.78,42.75M,42750000.0,8,2019,-0.018412651273294167,Slight or No change
2019-08-02,136.9,138.09,138.32,135.26,30.79M,30790000.0,8,2019,0.03547386733227431,Slight or No change
2019-08-01,138.06,137.0,140.94,136.93,40.56M,40560000.0,8,2019,0.008473338203067948,Slight or No change
2019-07-31,136.27,140.33,140.49,135.08,38.60M,38600000.0,7,2019,-0.012965377372156972,Slight or No change
2019-07-30,140.35,140.14,141.22,139.8,16.85M,16850000.0,7,2019,0.02994055918397298,Slight or No change
2019-07-29,141.03,141.5,141.51,139.37,16.61M,16610000.0,7,2019,0.004845030281439344,Slight or No change
2019-07-26,141.34,140.37,141.68,140.3,19.04M,19040000.0,7,2019,0.0021981138764801678,Slight or No change
2019-07-25,140.19,140.43,140.61,139.32,18.36M,18360000.0,7,2019,-0.008136408659968897,Slight or No change
2019-07-24,140.72,138.9,140.74,138.85,20.74M,20740000.0,7,2019,0.0037805834938298144,Slight or No change
2019-07-23,139.29,139.76,139.99,138.03,18.03M,18030000.0,7,2019,-0.010162023877202997,Slight or No change
2019-07-22,138.43,137.41,139.19,137.33,25.08M,25080000.0,7,2019,-0.006174168999928065,Slight or No change
2019-07-19,136.62,140.22,140.67,136.45,48.99M,48990000.0,7,2019,-0.013075200462327574,Slight or No change
2019-07-18,136.42,135.55,136.62,134.67,30.81M,30810000.0,7,2019,-0.001463914507392916,Slight or No change
2019-07-17,136.27,137.7,137.93,136.22,20.21M,20210000.0,7,2019,-0.0010995455211844085,Slight or No change
2019-07-16,137.08,138.96,139.05,136.52,22.73M,22730000.0,7,2019,0.005944081602700546,Slight or No change
2019-07-15,138.9,139.44,139.54,138.46,16.65M,16649999.999999998,7,2019,0.013276918587685982,Slight or No change
2019-07-12,138.9,138.85,139.13,138.01,18.94M,18940000.0,7,2019,0.0,Slight or No change
2019-07-11,138.4,138.2,139.22,137.87,22.33M,22330000.0,7,2019,-0.003599712023038104,Slight or No change
2019-07-10,137.85,137.13,138.58,137.02,24.20M,24200000.0,7,2019,-0.0039739884393064084,Slight or No change
2019-07-09,136.46,136.0,136.97,135.8,19.95M,19950000.0,7,2019,-0.010083424011606668,Slight or No change
2019-07-08,136.96,136.4,137.1,135.37,16.78M,16780000.0,7,2019,0.0036640773853142683,Slight or No change
2019-07-05,137.06,135.94,137.33,135.72,18.14M,18140000.0,7,2019,0.0007301401869157509,Slight or No change
2019-07-03,137.46,136.8,137.74,136.29,13.63M,13630000.0,7,2019,0.002918429884722018,Slight or No change
2019-07-02,136.58,136.12,136.59,135.34,15.24M,15240000.0,7,2019,-0.0064018623599592095,Slight or No change
2019-07-01,135.68,136.63,136.7,134.97,22.65M,22650000.0,7,2019,-0.006589544589251761,Slight or No change
2019-06-28,133.96,134.57,134.6,133.16,30.04M,30040000.0,6,2019,-0.012676886792452824,Slight or No change
2019-06-27,134.15,134.14,134.71,133.51,16.56M,16559999.999999998,6,2019,0.0014183338309943228,Slight or No change
2019-06-26,133.93,134.35,135.74,133.6,23.66M,23660000.0,6,2019,-0.0016399552739471135,Slight or No change
2019-06-25,133.43,137.25,137.59,132.73,33.33M,33330000.0,6,2019,-0.00373329351153584,Slight or No change
2019-06-24,137.78,137.0,138.4,137.0,20.63M,20630000.0,6,2019,0.032601364011091816,Slight or No change
2019-06-21,136.97,136.58,137.73,136.46,36.73M,36730000.0,6,2019,-0.005878937436492926,Slight or No change
2019-06-20,136.95,137.45,137.66,135.72,33.04M,33040000.0,6,2019,-0.0001460173760677863,Slight or No change
2019-06-19,135.69,135.0,135.93,133.81,23.74M,23740000.0,6,2019,-0.009200438116100718,Slight or No change
2019-06-18,135.16,134.19,135.24,133.57,25.93M,25930000.0,6,2019,-0.0039059621195371985,Slight or No change
2019-06-17,132.85,132.63,133.73,132.53,14.52M,14520000.0,6,2019,-0.017090855282627992,Slight or No change
2019-06-14,132.45,132.26,133.79,131.64,17.82M,17820000.0,6,2019,-0.0030109145652992275,Slight or No change
2019-06-13,132.32,131.98,132.67,131.56,17.20M,17200000.0,6,2019,-0.0009815024537560557,Slight or No change
2019-06-12,131.49,131.4,131.97,130.71,17.09M,17090000.0,6,2019,-0.006272672309552529,Slight or No change
2019-06-11,132.1,133.88,134.24,131.28,23.91M,23910000.0,6,2019,0.004639136055973658,Slight or No change
2019-06-10,132.6,132.4,134.08,132.0,26.48M,26480000.0,6,2019,0.0037850113550341735,Slight or No change
2019-06-07,131.4,129.19,132.25,128.26,33.89M,33890000.0,6,2019,-0.009049773755656076,Slight or No change
2019-06-06,127.82,126.44,127.97,125.6,21.46M,21460000.0,6,2019,-0.027245053272450637,Slight or No change
2019-06-05,125.83,124.95,125.87,124.21,24.93M,24930000.0,6,2019,-0.015568768580816683,Slight or No change
2019-06-04,123.16,121.28,123.28,120.65,29.38M,29380000.0,6,2019,-0.021219105141858097,Slight or No change
2019-06-03,119.84,123.85,124.37,119.01,37.98M,37980000.0,6,2019,-0.026956804157193814,Slight or No change
2019-05-31,123.68,124.23,124.61,123.32,26.65M,26650000.0,5,2019,0.03204272363150862,Slight or No change
2019-05-30,125.73,125.26,125.76,124.78,16.83M,16830000.0,5,2019,0.016575032341526574,Slight or No change
2019-05-29,124.94,125.38,125.39,124.04,22.76M,22760000.0,5,2019,-0.006283305495903946,Slight or No change
2019-05-28,126.16,126.98,128.0,126.05,23.13M,23130000.0,5,2019,0.009764687049783838,Slight or No change
2019-05-24,126.24,126.91,127.42,125.97,14.12M,14120000.0,5,2019,0.0006341154090043766,Slight or No change
2019-05-23,126.18,126.2,126.29,124.74,23.60M,23600000.0,5,2019,-0.000475285171102513,Slight or No change
2019-05-22,127.67,126.62,128.24,126.52,15.40M,15400000.0,5,2019,0.011808527500396293,Slight or No change
2019-05-21,126.9,127.43,127.53,126.58,15.29M,15290000.0,5,2019,-0.006031174120780136,Slight or No change
2019-05-20,126.22,126.52,127.59,125.76,23.71M,23710000.0,5,2019,-0.005358550039401111,Slight or No change
2019-05-17,128.07,128.31,130.46,127.92,25.77M,25770000.0,5,2019,0.014656948185707508,Slight or No change
2019-05-16,128.93,126.75,129.38,126.46,30.11M,30110000.0,5,2019,0.0067150776918873945,Slight or No change
2019-05-15,126.02,124.26,126.71,123.7,24.72M,24720000.0,5,2019,-0.02257038703172276,Slight or No change
2019-05-14,124.73,123.87,125.88,123.7,25.27M,25270000.0,5,2019,-0.010236470401523534,Slight or No change
2019-05-13,123.35,124.11,125.55,123.04,33.94M,33940000.0,5,2019,-0.011063898019722629,Slight or No change
2019-05-10,127.13,124.91,127.93,123.82,30.92M,30920000.0,5,2019,0.03064450749898673,Slight or No change
2019-05-09,125.5,124.29,125.79,123.57,27.24M,27240000.0,5,2019,-0.012821521277432524,Slight or No change
2019-05-08,125.51,125.44,126.37,124.75,28.42M,28420000.0,5,2019,7.968127490043386e-05,Slight or No change
2019-05-07,125.52,126.46,127.18,124.22,36.02M,36020000.0,5,2019,7.967492630056583e-05,Slight or No change
2019-05-06,128.15,126.39,128.56,126.11,24.24M,24240000.0,5,2019,0.020952836201402203,Slight or No change
2019-05-03,128.9,127.36,129.43,127.25,24.91M,24910000.0,5,2019,0.005852516582130374,Slight or No change
2019-05-02,126.21,127.98,128.0,125.52,27.35M,27350000.0,5,2019,-0.020868890612878332,Slight or No change
2019-05-01,127.88,130.53,130.65,127.7,26.82M,26820000.0,5,2019,0.013231915062198008,Slight or No change
2019-04-30,130.6,129.81,130.7,129.39,24.17M,24170000.0,4,2019,0.021269940569283774,Slight or No change
2019-04-29,129.77,129.9,130.18,129.35,16.32M,16320000.0,4,2019,-0.006355283307809989,Slight or No change
2019-04-26,129.89,129.7,130.52,129.02,23.65M,23650000.0,4,2019,0.0009247129536871235,Slight or No change
2019-04-25,129.15,130.06,131.37,128.83,38.03M,38030000.0,4,2019,-0.005697128339363977,Slight or No change
2019-04-24,125.01,125.79,125.85,124.52,31.26M,31260000.0,4,2019,-0.03205574912891984,Slight or No change
2019-04-23,125.44,124.1,125.58,123.83,24.03M,24030000.0,4,2019,0.0034397248220141563,Slight or No change
2019-04-22,123.76,122.62,124.0,122.57,15.65M,15650000.0,4,2019,-0.013392857142857095,Slight or No change
2019-04-18,123.37,122.19,123.52,121.3,27.99M,27990000.0,4,2019,-0.0031512605042016695,Slight or No change
2019-04-17,121.77,121.24,121.85,120.54,19.30M,19300000.0,4,2019,-0.012969117289454601,Slight or No change
2019-04-16,120.77,121.64,121.65,120.1,14.07M,14070000.0,4,2019,-0.008212203334154511,Slight or No change
2019-04-15,121.05,120.94,121.58,120.57,15.79M,15790000.0,4,2019,0.0023184565703402438,Slight or No change
2019-04-12,120.95,120.64,120.98,120.37,19.75M,19750000.0,4,2019,-0.0008261049153241995,Slight or No change
2019-04-11,120.33,120.54,120.85,119.92,14.21M,14210000.0,4,2019,-0.00512608515915669,Slight or No change
2019-04-10,120.19,119.76,120.35,119.54,16.48M,16480000.0,4,2019,-0.0011634671320535084,Slight or No change
2019-04-09,119.28,118.63,119.54,118.58,17.61M,17610000.0,4,2019,-0.007571345369831062,Slight or No change
2019-04-08,119.93,119.81,120.02,118.64,15.12M,15120000.0,4,2019,0.0054493628437291,Slight or No change
2019-04-05,119.89,119.39,120.23,119.37,15.83M,15830000.0,4,2019,-0.00033352789126994686,Slight or No change
2019-04-04,119.36,120.1,120.23,118.38,20.11M,20110000.0,4,2019,-0.0044207189924097,Slight or No change
2019-04-03,119.97,119.86,120.43,119.15,22.86M,22860000.0,4,2019,0.005110589812332478,Slight or No change
2019-04-02,119.19,119.06,119.48,118.52,18.14M,18140000.0,4,2019,-0.006501625406351574,Slight or No change
2019-04-01,119.02,118.95,119.11,118.1,22.79M,22790000.0,4,2019,-0.0014262941521939743,Slight or No change
2019-03-29,117.94,118.07,118.32,116.96,25.40M,25400000.0,3,2019,-0.009074105192404591,Slight or No change
2019-03-28,116.93,117.44,117.58,116.13,18.33M,18330000.0,3,2019,-0.008563676445650259,Slight or No change
2019-03-27,116.77,117.88,118.21,115.52,22.73M,22730000.0,3,2019,-0.0013683400324981942,Slight or No change
2019-03-26,117.91,118.62,118.7,116.85,26.10M,26100000.0,3,2019,0.00976278153635346,Slight or No change
2019-03-25,117.66,116.56,118.01,116.32,27.07M,27070000.0,3,2019,-0.002120261216181807,Slight or No change
2019-03-22,117.05,119.5,119.59,117.04,33.62M,33620000.0,3,2019,-0.005184429712731586,Slight or No change
2019-03-21,120.22,117.14,120.82,117.09,29.85M,29850000.0,3,2019,0.02708244340025634,Slight or No change
2019-03-20,117.52,117.39,118.75,116.71,28.11M,28110000.0,3,2019,-0.022458825486607936,Slight or No change
2019-03-19,117.65,118.09,118.44,116.99,37.59M,37590000.0,3,2019,0.0011061946902655162,Slight or No change
2019-03-18,117.57,116.17,117.61,116.05,31.21M,31210000.0,3,2019,-0.000679983000425044,Slight or No change
2019-03-15,115.91,115.34,117.25,114.59,54.63M,54630000.0,3,2019,-0.014119248107510418,Slight or No change
2019-03-14,114.59,114.54,115.2,114.33,30.76M,30760000.0,3,2019,-0.01138814597532567,Slight or No change
2019-03-13,114.5,114.13,115.0,113.78,35.51M,35510000.0,3,2019,-0.0007854088489397393,Slight or No change
2019-03-12,113.62,112.82,113.99,112.65,26.13M,26130000.0,3,2019,-0.007685589519650593,Slight or No change
2019-03-11,112.83,110.99,112.95,110.98,26.49M,26490000.0,3,2019,-0.006953001232177458,Slight or No change
2019-03-08,110.51,109.16,110.71,108.8,22.82M,22820000.0,3,2019,-0.0205619072941593,Slight or No change
2019-03-07,110.39,111.4,111.55,109.86,25.34M,25340000.0,3,2019,-0.0010858745814859017,Slight or No change
2019-03-06,111.75,111.87,112.66,111.43,17.69M,17690000.0,3,2019,0.01231995651780049,Slight or No change
2019-03-05,111.7,112.25,112.39,111.23,19.54M,19540000.0,3,2019,-0.0004474272930649059,Slight or No change
2019-03-04,112.26,113.02,113.25,110.8,26.61M,26610000.0,3,2019,0.005013428827215671,Slight or No change
2019-03-01,112.53,112.89,113.02,111.67,23.50M,23500000.0,3,2019,0.0024051309460182413,Slight or No change
2019-02-28,112.03,112.04,112.88,111.73,29.08M,29080000.0,2,2019,-0.004443259575224401,Slight or No change
2019-02-27,112.17,111.69,112.36,110.88,21.49M,21490000.0,2,2019,0.00124966526823167,Slight or No change
2019-02-26,112.36,111.26,113.24,111.17,21.54M,21540000.0,2,2019,0.0016938575376659326,Slight or No change
2019-02-25,111.59,111.76,112.18,111.26,23.75M,23750000.0,2,2019,-0.006852972588109574,Slight or No change
2019-02-22,110.97,110.05,111.2,109.82,27.76M,27760000.0,2,2019,-0.005556053409803807,Slight or No change
2019-02-21,109.41,106.9,109.48,106.87,29.06M,29060000.0,2,2019,-0.014057853473911863,Slight or No change
2019-02-20,107.15,107.86,107.94,106.29,21.61M,21610000.0,2,2019,-0.02065624714377101,Slight or No change
2019-02-19,108.17,107.79,108.66,107.78,18.04M,18040000.0,2,2019,0.009519365375641575,Slight or No change
2019-02-15,108.22,107.91,108.3,107.36,26.61M,26610000.0,2,2019,0.0004622353702505855,Slight or No change
2019-02-14,106.9,106.31,107.29,105.66,21.78M,21780000.0,2,2019,-0.012197375716133774,Slight or No change
2019-02-13,106.81,107.5,107.78,106.71,18.39M,18390000.0,2,2019,-0.0008419083255378768,Slight or No change
2019-02-12,106.89,106.14,107.14,105.48,25.06M,25060000.0,2,2019,0.0007489935399307424,Slight or No change
2019-02-11,105.25,106.2,106.58,104.97,18.91M,18910000.0,2,2019,-0.015342875853681326,Slight or No change
2019-02-08,105.67,104.39,105.78,104.26,21.46M,21460000.0,2,2019,0.003990498812351584,Slight or No change
2019-02-07,105.27,105.19,105.59,104.29,29.76M,29760000.0,2,2019,-0.0037853695467020554,Slight or No change
2019-02-06,106.03,107.0,107.0,105.53,20.61M,20610000.0,2,2019,0.007219530730502521,Slight or No change
2019-02-05,107.22,106.06,107.27,105.96,27.33M,27330000.0,2,2019,0.011223238706026484,Slight or No change
2019-02-04,105.74,102.87,105.8,102.77,31.32M,31320000.0,2,2019,-0.013803394889013276,Slight or No change
2019-02-01,102.78,103.78,104.1,102.35,35.54M,35540000.0,2,2019,-0.027993190845469917,Slight or No change
2019-01-31,104.43,103.8,105.22,103.18,55.64M,55640000.0,1,2019,0.01605370694687691,Slight or No change
2019-01-30,106.38,104.62,106.38,104.33,49.47M,49470000.0,1,2019,0.018672795173800605,Slight or No change
2019-01-29,102.94,104.88,104.97,102.17,31.49M,31490000.0,1,2019,-0.0323369054333521,Slight or No change
2019-01-28,105.08,106.26,106.48,104.66,29.48M,29480000.0,1,2019,0.020788809014960163,Slight or No change
2019-01-25,107.17,107.24,107.88,106.59,31.22M,31220000.0,1,2019,0.019889607917777052,Slight or No change
2019-01-24,106.2,106.86,107.0,105.34,23.16M,23160000.0,1,2019,-0.009051040403097899,Slight or No change
2019-01-23,106.71,106.12,107.04,105.34,25.87M,25870000.0,1,2019,0.0048022598870056665,Slight or No change
2019-01-22,105.68,106.75,107.1,104.86,32.37M,32369999.999999996,1,2019,-0.009652328741448613,Slight or No change
2019-01-18,107.71,107.46,107.9,105.91,37.43M,37430000.0,1,2019,0.01920893262679768,Slight or No change
2019-01-17,106.12,105.0,106.62,104.76,28.39M,28390000.0,1,2019,-0.014761860551480765,Slight or No change
2019-01-16,105.38,105.26,106.25,104.96,29.85M,29850000.0,1,2019,-0.0069732378439503195,Slight or No change
2019-01-15,105.01,102.51,105.05,101.88,31.59M,31590000.0,1,2019,-0.0035111026760294983,Slight or No change
2019-01-14,102.05,101.9,102.87,101.26,28.44M,28440000.0,1,2019,-0.028187791638891624,Slight or No change
2019-01-11,102.8,103.19,103.44,101.64,28.31M,28310000.0,1,2019,0.007349338559529572,Slight or No change
2019-01-10,103.6,103.22,103.75,102.38,30.07M,30070000.0,1,2019,0.0077821011673151474,Slight or No change
2019-01-09,104.27,103.86,104.88,103.24,32.28M,32280000.0,1,2019,0.006467181467181504,Slight or No change
2019-01-08,102.8,103.04,103.97,101.71,31.51M,31510000.0,1,2019,-0.014098014769348799,Slight or No change
2019-01-07,102.06,101.64,103.27,100.98,35.66M,35660000.0,1,2019,-0.007198443579766511,Slight or No change
2019-01-04,101.93,99.72,102.51,98.93,44.06M,44060000.0,1,2019,-0.0012737605330197521,Slight or No change
2019-01-03,97.4,100.1,100.19,97.2,42.58M,42580000.0,1,2019,-0.044442264299028755,Slight or No change
2019-01-02,101.12,99.55,101.75,98.94,35.33M,35330000.0,1,2019,0.038193018480492835,Slight or No change
2018-12-31,101.57,101.29,102.4,100.44,33.17M,33170000.0,12,2018,0.004450158227848,Slight or No change
2018-12-28,100.39,102.09,102.41,99.52,38.17M,38170000.0,12,2018,-0.011617603623117034,Slight or No change
2018-12-27,101.18,99.3,101.19,96.4,49.50M,49500000.0,12,2018,0.007869309692200455,Slight or No change
2018-12-26,100.56,95.14,100.69,93.96,51.63M,51630000.0,12,2018,-0.006127693220003949,Slight or No change
2018-12-24,94.13,97.68,97.97,93.98,43.94M,43940000.0,12,2018,-0.06394192521877495,Slight or No change
2018-12-21,98.23,101.63,103.0,97.46,111.24M,111240000.0,12,2018,0.04355678317220879,Slight or No change
2018-12-20,101.51,103.05,104.31,98.78,70.33M,70330000.0,12,2018,0.03339102107299197,Slight or No change
2018-12-19,103.69,103.65,106.88,101.35,68.20M,68200000.0,12,2018,0.021475716678159618,Slight or No change
2018-12-18,103.97,103.75,104.51,102.52,49.32M,49320000.0,12,2018,0.002700356832867179,Slight or No change
2018-12-17,102.89,105.41,105.8,101.71,56.96M,56960000.0,12,2018,-0.010387611811099373,Slight or No change
2018-12-14,106.03,108.25,109.26,105.5,47.04M,47040000.0,12,2018,0.030518028962970067,Slight or No change
2018-12-13,109.45,109.58,110.87,108.63,31.33M,31330000.0,12,2018,0.032255022163538705,Slight or No change
2018-12-12,109.08,110.89,111.27,109.04,36.18M,36180000.0,12,2018,-0.003380539058931098,Slight or No change
2018-12-11,108.59,109.8,110.95,107.44,42.38M,42380000.0,12,2018,-0.004492115878254488,Slight or No change
2018-12-10,107.59,104.8,107.98,103.89,40.80M,40800000.0,12,2018,-0.009208951100469709,Slight or No change
2018-12-07,104.82,108.38,109.45,104.3,45.04M,45040000.0,12,2018,-0.02574588716423465,Slight or No change
2018-12-06,109.19,105.82,109.24,105.0,49.11M,49110000.0,12,2018,0.04169051707689375,Slight or No change
2018-12-04,108.52,111.94,112.64,108.21,45.20M,45200000.0,12,2018,-0.0061360930488140175,Slight or No change
2018-12-03,112.09,113.0,113.42,110.73,34.73M,34730000.0,12,2018,0.03289716181349056,Slight or No change
2018-11-30,110.89,110.7,110.97,109.36,33.67M,33670000.0,11,2018,-0.010705682933357163,Slight or No change
2018-11-29,110.19,110.33,111.11,109.03,28.12M,28120000.0,11,2018,-0.00631256199837682,Slight or No change
2018-11-28,111.12,107.89,111.33,107.86,46.79M,46790000.0,11,2018,0.00843996732915886,Slight or No change
2018-11-27,107.14,106.27,107.33,105.36,29.12M,29120000.0,11,2018,-0.03581713462922964,Slight or No change
2018-11-26,106.47,104.79,106.63,104.58,32.34M,32340000.000000004,11,2018,-0.0062535000933358065,Slight or No change
2018-11-23,103.07,102.17,103.81,102.0,13.82M,13820000.0,11,2018,-0.0319338780877243,Slight or No change
2018-11-21,103.11,103.6,104.43,102.24,28.13M,28130000.0,11,2018,0.0003880857669544824,Slight or No change
2018-11-20,101.71,101.8,102.97,99.35,64.05M,64050000.0,11,2018,-0.01357773251866945,Slight or No change
2018-11-19,104.62,108.27,108.56,103.55,44.77M,44770000.0,11,2018,0.028610756071182797,Slight or No change
2018-11-16,108.29,107.08,108.88,106.8,33.50M,33500000.0,11,2018,0.03507933473523228,Slight or No change
2018-11-15,107.28,104.99,107.8,103.91,38.51M,38510000.0,11,2018,-0.009326807646135471,Slight or No change
2018-11-14,104.97,108.1,108.26,104.47,39.50M,39500000.0,11,2018,-0.021532438478747196,Slight or No change
2018-11-13,106.94,107.55,108.74,106.64,35.37M,35370000.0,11,2018,0.018767266838144225,Slight or No change
2018-11-12,106.87,109.42,109.96,106.1,33.62M,33620000.0,11,2018,-0.0006545726575649669,Slight or No change
2018-11-09,109.57,110.85,111.45,108.76,32.04M,32040000.0,11,2018,0.025264339852156814,Slight or No change
2018-11-08,111.75,111.8,112.21,110.91,25.64M,25640000.0,11,2018,0.019895956922515445,Slight or No change
2018-11-07,111.96,109.44,112.24,109.4,37.90M,37900000.0,11,2018,0.0018791946308724938,Slight or No change
2018-11-06,107.72,107.38,108.84,106.28,24.34M,24340000.0,11,2018,-0.03787066809574846,Slight or No change
2018-11-05,107.51,106.37,107.74,105.9,27.92M,27920000.0,11,2018,-0.001949498700334118,Slight or No change
2018-11-02,106.16,106.48,107.32,104.97,37.68M,37680000.0,11,2018,-0.01255697144451684,Slight or No change
2018-11-01,105.92,107.05,107.32,105.53,33.38M,33380000.000000004,11,2018,-0.0022607385079125297,Slight or No change
2018-10-31,106.81,105.44,108.14,105.39,51.06M,51060000.0,10,2018,0.008402567975830832,Slight or No change
2018-10-30,103.73,103.66,104.38,100.11,65.35M,65349999.99999999,10,2018,-0.02883625128733258,Slight or No change
2018-10-29,103.85,108.11,108.7,101.63,55.16M,55160000.0,10,2018,0.0011568495131590861,Slight or No change
2018-10-26,106.96,105.69,108.75,104.76,55.52M,55520000.0,10,2018,0.029947038998555664,Slight or No change
2018-10-25,108.3,106.55,109.27,106.15,61.65M,61650000.0,10,2018,0.012528047868362036,Slight or No change
2018-10-24,102.32,108.41,108.49,101.59,63.90M,63900000.0,10,2018,-0.055216989843028697,Slight or No change
2018-10-23,108.1,107.77,108.97,105.11,43.77M,43770000.0,10,2018,0.05648944487881158,Slight or No change
2018-10-22,109.63,109.32,110.54,108.24,26.55M,26550000.0,10,2018,0.014153561517113777,Slight or No change
2018-10-19,108.66,108.93,110.86,108.21,32.79M,32790000.0,10,2018,-0.008847943081273346,Slight or No change
2018-10-18,108.5,110.1,110.53,107.83,32.51M,32509999.999999996,10,2018,-0.001472482974415601,Slight or No change
2018-10-17,110.71,111.68,111.81,109.55,26.55M,26550000.0,10,2018,0.020368663594469982,Slight or No change
2018-10-16,111.0,109.54,111.41,108.95,31.61M,31610000.0,10,2018,0.0026194562370156493,Slight or No change
2018-10-15,107.6,108.91,109.48,106.95,32.07M,32070000.0,10,2018,-0.03063063063063065,Slight or No change
2018-10-12,109.57,109.01,111.24,107.12,47.74M,47740000.0,10,2018,0.018308550185873518,Slight or No change
2018-10-11,105.91,105.35,108.93,104.2,63.90M,63900000.0,10,2018,-0.03340330382403944,Slight or No change
2018-10-10,106.16,111.24,111.5,105.79,61.38M,61380000.0,10,2018,0.00236049475970157,Slight or No change
2018-10-09,112.26,111.14,113.08,110.8,26.20M,26200000.0,10,2018,0.05746043707611159,Slight or No change
2018-10-08,110.85,111.66,112.03,109.34,29.64M,29640000.0,10,2018,-0.012560128273650495,Slight or No change
2018-10-05,112.13,112.63,113.17,110.64,29.07M,29070000.0,10,2018,0.011547135769057304,Slight or No change
2018-10-04,112.79,114.61,114.76,111.63,34.82M,34820000.0,10,2018,0.005886025149380192,Slight or No change
2018-10-03,115.17,115.42,116.18,114.93,16.65M,16649999.999999998,10,2018,0.02110116145048324,Slight or No change
2018-10-02,115.15,115.3,115.84,114.44,20.79M,20790000.0,10,2018,-0.00017365633411470238,Slight or No change
2018-10-01,115.61,114.75,115.68,114.73,18.88M,18880000.0,10,2018,0.0039947894051237665,Slight or No change
2018-09-28,114.37,114.19,114.57,113.68,21.65M,21650000.0,9,2018,-0.010725715768532096,Slight or No change
2018-09-27,114.41,114.78,114.91,114.2,19.09M,19090000.0,9,2018,0.00034974206522675466,Slight or No change
2018-09-26,113.98,114.47,115.06,113.74,19.35M,19350000.0,9,2018,-0.0037584127261602873,Slight or No change
2018-09-25,114.45,114.8,115.1,113.75,22.67M,22670000.0,9,2018,0.00412353044393754,Slight or No change
2018-09-24,114.67,113.03,114.9,112.22,27.33M,27330000.0,9,2018,0.0019222367846221111,Slight or No change
2018-09-21,114.26,114.0,115.29,113.51,71.23M,71230000.0,9,2018,-0.0035754774570506687,Slight or No change
2018-09-20,113.57,112.28,113.8,111.93,23.71M,23710000.0,9,2018,-0.006038858743217301,Slight or No change
2018-09-19,111.7,113.05,113.32,111.03,21.73M,21730000.0,9,2018,-0.016465615919696974,Slight or No change
2018-09-18,113.21,112.19,113.69,111.72,22.17M,22170000.0,9,2018,0.013518352730528038,Slight or No change
2018-09-17,112.14,113.69,113.7,111.86,20.74M,20740000.0,9,2018,-0.009451461884992463,Slight or No change
2018-09-14,113.37,113.36,113.73,112.44,19.12M,19120000.0,9,2018,0.010968432316746934,Slight or No change
2018-09-13,112.91,112.12,113.72,112.12,26.06M,26060000.0,9,2018,-0.004057510805327791,Slight or No change
2018-09-12,111.71,111.43,111.85,110.51,18.89M,18890000.0,9,2018,-0.010627933752546337,Slight or No change
2018-09-11,111.24,108.9,111.59,108.89,24.30M,24300000.0,9,2018,-0.004207322531554869,Slight or No change
2018-09-10,109.38,108.84,109.64,108.36,20.73M,20730000.0,9,2018,-0.016720604099244918,Slight or No change
2018-09-07,108.21,108.23,108.72,107.23,22.50M,22500000.0,9,2018,-0.010696653867251826,Slight or No change
2018-09-06,108.74,108.25,108.99,107.51,23.48M,23480000.0,9,2018,0.004897883744570786,Slight or No change
2018-09-05,108.49,111.01,111.42,108.1,32.87M,32869999.999999996,9,2018,-0.002299061982711015,Slight or No change
2018-09-04,111.71,110.85,111.95,110.22,22.63M,22630000.0,9,2018,0.02968015485298192,Slight or No change
2018-08-31,112.33,111.69,112.78,111.52,23.22M,23220000.0,8,2018,0.005550085041625685,Slight or No change
2018-08-30,111.95,111.67,112.61,111.44,22.80M,22800000.0,8,2018,-0.0033828896999910096,Slight or No change
2018-08-29,112.02,110.45,112.03,110.27,20.82M,20820000.0,8,2018,0.0006252791424743442,Slight or No change
2018-08-28,110.26,109.94,110.5,109.79,19.15M,19150000.0,8,2018,-0.015711480092840513,Slight or No change
2018-08-27,109.6,109.27,109.64,108.51,19.66M,19660000.0,8,2018,-0.005985851623435567,Slight or No change
2018-08-24,108.4,107.67,108.56,107.56,17.23M,17230000.0,8,2018,-0.010948905109488982,Slight or No change
2018-08-23,107.56,107.15,108.18,106.87,18.17M,18170000.0,8,2018,-0.007749077490774914,Slight or No change
2018-08-22,107.06,105.85,107.34,105.78,18.00M,18000000.0,8,2018,-0.00464856824098181,Slight or No change
2018-08-21,105.98,106.92,107.35,105.85,22.88M,22880000.0,8,2018,-0.010087801232953497,Slight or No change
2018-08-20,106.87,107.51,107.9,106.48,17.91M,17910000.0,8,2018,0.008397810907718517,Slight or No change
2018-08-17,107.58,107.36,107.9,106.69,18.06M,18060000.0,8,2018,0.006643585664826368,Slight or No change
2018-08-16,107.64,108.3,108.86,107.3,21.38M,21380000.0,8,2018,0.000557724484104849,Slight or No change
2018-08-15,107.66,108.49,108.98,106.82,29.98M,29980000.0,8,2018,0.00018580453363048477,Slight or No change
2018-08-14,109.56,108.56,109.75,108.04,16.79M,16790000.0,8,2018,0.01764815158833377,Slight or No change
2018-08-13,108.21,109.24,109.58,108.1,18.47M,18470000.0,8,2018,-0.01232201533406363,Slight or No change
2018-08-10,109.0,109.42,109.69,108.38,18.18M,18180000.0,8,2018,0.007300619166435762,Slight or No change
2018-08-09,109.67,109.71,110.16,109.6,13.68M,13680000.0,8,2018,0.006146788990825769,Slight or No change
2018-08-08,109.49,109.33,109.75,108.76,15.49M,15490000.0,8,2018,-0.0016412874988602777,Slight or No change
2018-08-07,108.88,108.56,109.1,108.17,16.08M,16079999.999999998,8,2018,-0.005571285048862951,Slight or No change
2018-08-06,108.13,108.12,108.42,107.56,20.27M,20270000.0,8,2018,-0.006888317413666467,Slight or No change
2018-08-03,108.04,107.8,108.05,106.82,18.66M,18660000.0,8,2018,-0.0008323314528806414,Slight or No change
2018-08-02,107.57,105.4,108.09,104.84,26.10M,26100000.0,8,2018,-0.004350240651610604,Slight or No change
2018-08-01,106.28,106.03,106.45,105.42,23.63M,23630000.0,8,2018,-0.0119921911313563,Slight or No change
2018-07-31,106.08,106.49,106.72,105.38,27.66M,27660000.0,7,2018,-0.0018818216033120727,Slight or No change
2018-07-30,105.37,107.19,107.53,104.76,34.67M,34670000.0,7,2018,-0.00669306184012064,Slight or No change
2018-07-27,107.68,110.18,110.18,106.14,37.01M,37010000.0,7,2018,0.021922748410363457,Slight or No change
2018-07-26,109.62,110.74,111.0,109.5,31.37M,31370000.0,7,2018,0.018016344725111377,Slight or No change
2018-07-25,110.83,107.95,111.15,107.6,30.80M,30800000.0,7,2018,0.011038131727786782,Slight or No change
2018-07-24,107.66,108.57,108.82,107.26,26.32M,26320000.0,7,2018,-0.02860236398087157,Slight or No change
2018-07-23,107.97,106.3,108.14,106.13,29.71M,29710000.0,7,2018,0.0028794352591492434,Slight or No change
2018-07-20,106.27,108.08,108.2,106.08,56.04M,56040000.0,7,2018,-0.015745114383625136,Slight or No change
2018-07-19,104.4,104.93,105.31,103.89,40.17M,40170000.0,7,2018,-0.01759668768231848,Slight or No change
2018-07-18,105.12,105.94,106.05,104.72,29.49M,29490000.0,7,2018,0.006896551724137945,Slight or No change
2018-07-17,105.95,104.61,106.5,104.32,25.90M,25900000.0,7,2018,0.007895738203957281,Slight or No change
2018-07-16,104.91,105.4,105.82,104.52,21.79M,21790000.0,7,2018,-0.009815950920245453,Slight or No change
2018-07-13,105.43,104.37,105.6,104.09,24.65M,24650000.0,7,2018,0.004956629491945641,Slight or No change
2018-07-12,104.19,102.77,104.41,102.73,24.34M,24340000.0,7,2018,-0.011761358247178277,Slight or No change
2018-07-11,101.98,101.15,102.34,101.1,19.64M,19640000.0,7,2018,-0.021211248680295558,Slight or No change
2018-07-10,102.12,102.0,102.51,101.86,19.29M,19290000.0,7,2018,0.0013728181996470745,Slight or No change
2018-07-09,101.85,101.65,102.25,101.25,18.21M,18210000.0,7,2018,-0.002643948296122356,Slight or No change
2018-07-06,101.16,99.89,101.43,99.67,19.23M,19230000.0,7,2018,-0.006774668630338709,Slight or No change
2018-07-05,99.76,99.5,99.92,99.03,18.98M,18980000.0,7,2018,-0.013839462238038669,Slight or No change
2018-07-03,99.05,100.48,100.63,98.94,14.67M,14670000.0,7,2018,-0.007117080994386571,Slight or No change
2018-07-02,100.01,98.1,100.06,98.0,19.56M,19560000.0,7,2018,0.009692074709742649,Slight or No change
2018-06-29,98.61,98.93,99.91,98.33,28.05M,28050000.0,6,2018,-0.013998600139986106,Slight or No change
2018-06-28,98.63,97.38,99.11,97.26,26.65M,26650000.0,6,2018,0.00020281918669495802,Slight or No change
2018-06-27,97.54,99.58,100.02,97.4,31.30M,31300000.0,6,2018,-0.01105140423806128,Slight or No change
2018-06-26,99.08,98.82,100.08,98.75,26.90M,26900000.0,6,2018,0.015788394504818504,Slight or No change
2018-06-25,98.39,100.0,100.11,97.3,35.43M,35430000.0,6,2018,-0.006964069438837317,Slight or No change
2018-06-22,100.41,100.41,100.77,99.62,38.92M,38920000.0,6,2018,0.020530541721719642,Slight or No change
2018-06-21,101.14,102.08,102.46,100.88,23.20M,23200000.0,6,2018,0.007270192211931148,Slight or No change
2018-06-20,101.87,101.37,102.52,101.12,26.18M,26180000.0,6,2018,0.007217718014633112,Slight or No change
2018-06-19,100.86,99.65,101.0,99.5,28.65M,28650000.0,6,2018,-0.0099145970354374,Slight or No change
2018-06-18,100.86,100.01,101.11,99.42,23.59M,23590000.0,6,2018,0.0,Slight or No change
2018-06-15,100.13,101.51,101.53,100.07,65.74M,65739999.99999999,6,2018,-0.0072377553043823095,Slight or No change
2018-06-14,101.42,101.65,102.03,101.0,25.69M,25690000.0,6,2018,0.012883251772695559,Slight or No change
2018-06-13,100.85,101.72,102.01,100.56,29.49M,29490000.0,6,2018,-0.0056201932557681245,Slight or No change
2018-06-12,101.31,101.1,101.45,100.75,18.33M,18330000.0,6,2018,0.0045612295488350885,Slight or No change
2018-06-11,101.05,101.37,101.59,100.67,23.49M,23490000.0,6,2018,-0.0025663804165433346,Slight or No change
2018-06-08,101.63,101.09,101.95,100.54,22.17M,22170000.0,6,2018,0.005739732805541742,Slight or No change
2018-06-07,100.88,102.65,102.69,100.38,28.23M,28230000.0,6,2018,-0.007379710715339938,Slight or No change
2018-06-06,102.49,102.48,102.6,101.9,21.12M,21120000.0,6,2018,0.01595955590800946,Slight or No change
2018-06-05,102.19,102.0,102.33,101.53,23.51M,23510000.0,6,2018,-0.002927114840472256,Slight or No change
2018-06-04,101.67,101.26,101.86,100.85,27.28M,27280000.0,6,2018,-0.005088560524513119,Slight or No change
2018-06-01,100.79,99.28,100.86,99.17,28.66M,28660000.0,6,2018,-0.008655453919543588,Slight or No change
2018-05-31,98.84,99.29,99.99,98.61,34.14M,34140000.0,5,2018,-0.01934715745609683,Slight or No change
2018-05-30,98.95,98.31,99.25,97.91,22.16M,22160000.0,5,2018,0.0011129097531363819,Slight or No change
2018-05-29,98.01,97.84,98.88,97.23,28.67M,28670000.0,5,2018,-0.009499747347144982,Slight or No change
2018-05-25,98.36,98.3,98.98,97.86,18.36M,18360000.0,5,2018,0.0035710641771247165,Slight or No change
2018-05-24,98.31,98.72,98.94,96.81,26.65M,26650000.0,5,2018,-0.0005083367222448176,Slight or No change
2018-05-23,98.66,96.71,98.73,96.32,21.25M,21250000.0,5,2018,0.003560166819245092,Slight or No change
2018-05-22,97.5,97.68,98.17,97.2,15.44M,15440000.0,5,2018,-0.011757551185890946,Slight or No change
2018-05-21,97.6,97.0,98.01,96.8,19.42M,19420000.0,5,2018,0.0010256410256410664,Slight or No change
2018-05-18,96.36,96.01,96.93,96.01,17.87M,17870000.0,5,2018,-0.012704918032786838,Slight or No change
2018-05-17,96.18,96.76,97.54,95.83,17.25M,17250000.0,5,2018,-0.0018679950186798466,Slight or No change
2018-05-16,97.15,97.36,97.4,96.61,17.38M,17380000.0,5,2018,0.010085256810147714,Slight or No change
2018-05-15,97.32,97.24,97.85,96.34,24.59M,24590000.0,5,2018,0.0017498713329899829,Slight or No change
2018-05-14,98.03,97.92,98.69,97.31,19.45M,19450000.0,5,2018,0.007295519934237715,Slight or No change
2018-05-11,97.7,97.8,97.87,97.04,16.78M,16780000.0,5,2018,-0.0033663164337447427,Slight or No change
2018-05-10,97.91,97.46,97.95,97.05,22.39M,22390000.0,5,2018,0.002149437052200609,Slight or No change
2018-05-09,96.94,96.01,96.97,95.05,27.33M,27330000.0,5,2018,-0.00990705750178733,Slight or No change
2018-05-08,95.81,95.85,96.16,95.06,23.48M,23480000.0,5,2018,-0.011656694862801631,Slight or No change
2018-05-07,96.22,95.17,96.71,95.1,24.24M,24240000.0,5,2018,0.00427930278676536,Slight or No change
2018-05-04,95.16,93.32,95.37,92.92,22.53M,22530000.0,5,2018,-0.011016420702556706,Slight or No change
2018-05-03,94.07,92.96,94.92,92.45,31.14M,31140000.0,5,2018,-0.011454392601933594,Slight or No change
2018-05-02,93.51,94.99,95.17,93.19,27.47M,27470000.0,5,2018,-0.0059530137131921235,Slight or No change
2018-05-01,95.0,93.21,95.29,92.79,31.41M,31410000.0,5,2018,0.01593412469254618,Slight or No change
2018-04-30,93.52,96.33,96.4,93.15,41.52M,41520000.0,4,2018,-0.015578947368421137,Slight or No change
2018-04-27,95.82,97.6,97.9,93.91,48.27M,48270000.0,4,2018,0.024593669803250506,Slight or No change
2018-04-26,94.26,93.55,95.15,93.1,42.53M,42530000.0,4,2018,-0.016280525986224093,Slight or No change
2018-04-25,92.31,93.3,93.3,90.28,33.73M,33730000.0,4,2018,-0.02068746021642265,Slight or No change
2018-04-24,93.12,96.24,96.47,92.41,34.52M,34520000.0,4,2018,0.008774780630484313,Slight or No change
2018-04-23,95.35,95.74,96.29,94.63,22.33M,22330000.0,4,2018,0.023947594501718017,Slight or No change
2018-04-20,95.0,95.91,96.11,94.05,31.15M,31150000.0,4,2018,-0.0036706869428421163,Slight or No change
2018-04-19,96.11,96.44,97.07,95.34,23.55M,23550000.0,4,2018,0.011684210526315741,Slight or No change
2018-04-18,96.44,96.22,96.72,95.52,21.04M,21040000.0,4,2018,0.003433565705961872,Slight or No change
2018-04-17,96.07,95.0,96.54,94.88,26.77M,26770000.0,4,2018,-0.0038365823309830516,Slight or No change
2018-04-16,94.17,94.07,94.66,93.42,20.29M,20290000.0,4,2018,-0.0197772457583012,Slight or No change
2018-04-13,93.08,94.05,94.18,92.44,23.35M,23350000.0,4,2018,-0.01157481151109696,Slight or No change
2018-04-12,93.58,92.43,94.16,92.43,26.76M,26760000.0,4,2018,0.005371723248818183,Slight or No change
2018-04-11,91.86,92.01,93.29,91.48,24.87M,24870000.0,4,2018,-0.018379995725582354,Slight or No change
2018-04-10,92.88,92.39,93.28,91.64,26.94M,26940000.0,4,2018,0.011103853690398457,Slight or No change
2018-04-09,90.77,91.04,93.17,90.62,31.53M,31530000.0,4,2018,-0.022717484926787268,Slight or No change
2018-04-06,90.23,91.49,92.46,89.48,38.03M,38030000.0,4,2018,-0.005949102126253103,Slight or No change
2018-04-05,92.38,92.44,93.06,91.4,29.77M,29770000.0,4,2018,0.02382799512357292,Slight or No change
2018-04-04,92.33,87.85,92.76,87.73,35.56M,35560000.0,4,2018,-0.0005412426932236425,Slight or No change
2018-04-03,89.71,89.58,90.05,87.89,37.21M,37210000.0,4,2018,-0.028376475685042868,Slight or No change
2018-04-02,88.52,90.47,90.88,87.51,48.52M,48520000.0,4,2018,-0.013264964886857578,Slight or No change
2018-03-29,91.27,90.18,92.29,88.4,45.87M,45870000.0,3,2018,0.031066425666516073,Slight or No change
2018-03-28,89.39,89.82,91.23,88.87,52.50M,52500000.0,3,2018,-0.020598225046565055,Slight or No change
2018-03-27,89.47,94.94,95.14,88.51,56.57M,56570000.0,3,2018,0.0008949546929186702,Slight or No change
2018-03-26,93.78,90.61,94.0,90.4,56.40M,56400000.0,3,2018,0.048172571811780474,Slight or No change
2018-03-23,87.18,89.5,90.46,87.08,44.07M,44070000.0,3,2018,-0.07037747920665383,Slight or No change
2018-03-22,89.79,91.27,91.75,89.66,38.60M,38600000.0,3,2018,0.029938059187887056,Slight or No change
2018-03-21,92.48,92.93,94.05,92.21,24.46M,24460000.0,3,2018,0.02995879273861224,Slight or No change
2018-03-20,93.13,93.05,93.77,93.0,23.08M,23080000.0,3,2018,0.007028546712802619,Slight or No change
2018-03-19,92.89,93.74,93.9,92.11,33.34M,33340000.000000004,3,2018,-0.0025770428433372627,Slight or No change
2018-03-16,94.6,94.68,95.38,93.92,49.08M,49080000.0,3,2018,0.018408870707288028,Slight or No change
2018-03-15,94.18,93.53,94.58,92.83,27.61M,27610000.0,3,2018,-0.004439746300211267,Slight or No change
2018-03-14,93.85,95.12,95.41,93.5,32.13M,32130000.000000004,3,2018,-0.003503928647271337,Slight or No change
2018-03-13,94.41,97.0,97.24,93.97,35.39M,35390000.0,3,2018,0.005966968566861963,Slight or No change
2018-03-12,96.77,96.5,97.21,96.04,26.07M,26070000.0,3,2018,0.024997351975426296,Slight or No change
2018-03-09,96.54,95.29,96.54,95.0,36.94M,36940000.0,3,2018,-0.0023767696600185406,Slight or No change
2018-03-08,94.43,94.27,95.1,93.77,25.89M,25890000.0,3,2018,-0.02185622539879839,Slight or No change
2018-03-07,93.86,93.16,93.94,92.43,26.72M,26720000.0,3,2018,-0.006036217303822977,Slight or No change
2018-03-06,93.32,94.34,94.49,92.94,22.18M,22180000.0,3,2018,-0.005753249520562553,Slight or No change
2018-03-05,93.64,92.34,94.27,92.26,23.90M,23900000.0,3,2018,0.0034290612944707366,Slight or No change
2018-03-02,93.05,91.58,93.15,90.86,32.83M,32830000.0,3,2018,-0.006300726185390904,Slight or No change
2018-03-01,92.85,93.99,94.57,91.84,37.14M,37140000.0,3,2018,-0.0021493820526599094,Slight or No change
2018-02-28,93.77,94.84,95.7,93.63,31.17M,31170000.0,2,2018,0.009908454496499797,Slight or No change
2018-02-27,94.2,95.74,95.84,94.2,25.87M,25870000.0,2,2018,0.00458568838647766,Slight or No change
2018-02-26,95.42,94.4,95.45,94.25,30.20M,30200000.0,2,2018,0.012951167728237678,Slight or No change
2018-02-23,94.06,92.75,94.07,92.36,26.33M,26330000.0,2,2018,-0.01425277719555651,Slight or No change
2018-02-22,91.73,92.05,92.73,91.36,24.39M,24390000.0,2,2018,-0.02477142249627895,Slight or No change
2018-02-21,91.49,92.98,93.36,91.49,26.92M,26920000.0,2,2018,-0.0026163741415022868,Slight or No change
2018-02-20,92.72,91.47,93.06,91.01,30.91M,30910000.0,2,2018,0.013444092250519235,Slight or No change
2018-02-16,92.0,92.45,93.5,91.8,30.60M,30600000.0,2,2018,-0.007765314926660882,Slight or No change
2018-02-15,92.66,91.21,92.72,90.62,27.82M,27820000.0,2,2018,0.007173913043478253,Slight or No change
2018-02-14,90.81,88.51,90.99,88.41,34.96M,34960000.0,2,2018,-0.01996546514137698,Slight or No change
2018-02-13,89.83,88.93,90.0,87.8,26.41M,26410000.0,2,2018,-0.010791763021693712,Slight or No change
2018-02-12,89.13,88.73,89.78,87.93,35.72M,35720000.0,2,2018,-0.007792496938661908,Slight or No change
2018-02-09,88.18,86.3,88.93,83.83,63.50M,63500000.0,2,2018,-0.010658588578480788,Slight or No change
2018-02-08,85.01,89.71,89.88,84.76,55.63M,55630000.0,2,2018,-0.03594919482875936,Slight or No change
2018-02-07,89.61,90.49,91.77,89.2,41.11M,41110000.0,2,2018,0.05411128102576157,Slight or No change
2018-02-06,91.33,86.89,91.47,85.25,68.00M,68000000.0,2,2018,0.019194286351969625,Slight or No change
2018-02-05,88.0,90.56,93.24,88.0,51.03M,51030000.0,2,2018,-0.036461184714770556,Slight or No change
2018-02-02,91.78,93.64,93.97,91.5,47.87M,47870000.0,2,2018,0.04295454545454547,Slight or No change
2018-02-01,94.26,94.79,96.07,93.58,47.23M,47230000.0,2,2018,0.027021137502724057,Slight or No change
2018-01-31,95.01,93.75,95.4,93.51,48.76M,48760000.0,1,2018,0.007956715467854814,Slight or No change
2018-01-30,92.74,93.3,93.66,92.1,38.64M,38640000.0,1,2018,-0.02389222187138207,Slight or No change
2018-01-29,93.92,95.14,95.45,93.72,31.57M,31570000.0,1,2018,0.012723743799870624,Slight or No change
2018-01-26,94.06,93.12,94.06,92.58,29.17M,29170000.0,1,2018,0.001490630323679687,Slight or No change
2018-01-25,92.33,92.47,93.24,91.93,26.38M,26380000.0,1,2018,-0.0183925154156922,Slight or No change
2018-01-24,91.82,92.55,93.43,91.58,33.28M,33280000.0,1,2018,-0.005523665114264054,Slight or No change
2018-01-23,91.9,91.9,92.3,91.54,23.41M,23410000.0,1,2018,0.0008712698758441828,Slight or No change
2018-01-22,91.61,90.0,91.62,89.74,23.60M,23600000.0,1,2018,-0.0031556039173015193,Slight or No change
2018-01-19,90.0,90.14,90.61,89.66,36.88M,36880000.0,1,2018,-0.017574500600371135,Slight or No change
2018-01-18,90.1,89.8,90.67,89.66,24.16M,24160000.0,1,2018,0.0011111111111110628,Slight or No change
2018-01-17,90.14,89.08,90.28,88.75,25.62M,25620000.0,1,2018,0.0004439511653717698,Slight or No change
2018-01-16,88.35,90.1,90.79,88.01,36.60M,36600000.0,1,2018,-0.01985799866873761,Slight or No change
2018-01-12,89.6,88.67,89.78,88.45,24.27M,24270000.0,1,2018,0.014148273910582931,Slight or No change
2018-01-11,88.08,88.13,88.13,87.24,17.81M,17810000.0,1,2018,-0.016964285714285654,Slight or No change
2018-01-10,87.82,87.86,88.19,87.41,18.65M,18650000.0,1,2018,-0.0029518619436875726,Slight or No change
2018-01-09,88.22,88.65,88.73,87.86,19.48M,19480000.0,1,2018,0.004554771122751156,Slight or No change
2018-01-08,88.28,88.2,88.58,87.6,22.11M,22110000.0,1,2018,0.0006801178871005398,Slight or No change
2018-01-05,88.19,87.66,88.41,87.43,23.41M,23410000.0,1,2018,-0.0010194834617127668,Slight or No change
2018-01-04,87.11,86.59,87.66,86.57,21.91M,21910000.0,1,2018,-0.012246286427032516,Slight or No change
2018-01-03,86.35,86.06,86.51,85.97,26.06M,26060000.0,1,2018,-0.008724601079095451,Slight or No change
2018-01-02,85.95,86.12,86.31,85.5,22.48M,22480000.0,1,2018,-0.00463231036479439,Slight or No change
2017-12-29,85.54,85.63,86.05,85.5,18.72M,18720000.0,12,2017,-0.0047702152414194066,Slight or No change
2017-12-28,85.72,85.9,85.93,85.55,10.59M,10590000.0,12,2017,0.0021042787000233876,Slight or No change
2017-12-27,85.71,85.65,85.98,85.22,14.68M,14680000.0,12,2017,-0.00011665888940748381,Slight or No change
2017-12-26,85.4,85.31,85.53,85.03,9.89M,9890000.0,12,2017,-0.0036168475090420094,Slight or No change
2017-12-22,85.51,85.4,85.63,84.92,14.15M,14150000.0,12,2017,0.0012880562060890721,Slight or No change
2017-12-21,85.5,86.05,86.1,85.4,17.99M,17990000.0,12,2017,-0.00011694538650453001,Slight or No change
2017-12-20,85.52,86.2,86.3,84.71,23.67M,23670000.0,12,2017,0.0002339181286550307,Slight or No change
2017-12-19,85.83,86.35,86.35,85.27,23.52M,23520000.0,12,2017,0.0036248830682881206,Slight or No change
2017-12-18,86.38,87.12,87.5,86.23,22.28M,22280000.0,12,2017,0.006408015845275505,Slight or No change
2017-12-15,86.85,85.26,87.09,84.88,53.94M,53940000.0,12,2017,0.005441074322759976,Slight or No change
2017-12-14,84.69,85.43,85.87,84.53,19.31M,19310000.0,12,2017,-0.024870466321243456,Slight or No change
2017-12-13,85.35,85.74,86.0,85.17,22.06M,22060000.0,12,2017,0.007793127878143791,Slight or No change
2017-12-12,85.58,85.31,86.05,85.08,23.92M,23920000.0,12,2017,0.0026947861745754143,Slight or No change
2017-12-11,85.23,84.29,85.37,84.12,22.86M,22860000.0,12,2017,-0.004089740593596569,Slight or No change
2017-12-08,84.16,83.63,84.58,83.33,24.49M,24490000.0,12,2017,-0.012554264930188963,Slight or No change
2017-12-07,82.49,82.54,82.8,82.0,23.18M,23180000.0,12,2017,-0.019843155893536135,Slight or No change
2017-12-06,82.78,81.55,83.14,81.43,26.16M,26160000.0,12,2017,0.0035155776457753696,Slight or No change
2017-12-05,81.59,81.34,82.68,80.98,26.15M,26150000.0,12,2017,-0.014375453007972938,Slight or No change
2017-12-04,81.08,84.42,84.43,80.7,39.09M,39090000.0,12,2017,-0.006250766025248211,Slight or No change
2017-12-01,84.26,83.6,84.81,83.22,29.53M,29530000.0,12,2017,0.03922052294030598,Slight or No change
2017-11-30,84.17,83.51,84.52,83.34,33.05M,33049999.999999996,11,2017,-0.00106812247804422,Slight or No change
2017-11-29,83.34,84.71,84.92,83.17,27.38M,27380000.0,11,2017,-0.009860995604134448,Slight or No change
2017-11-28,84.88,84.07,85.06,84.02,21.93M,21930000.0,11,2017,0.018478521718262364,Slight or No change
2017-11-27,83.87,83.31,83.98,83.3,18.27M,18270000.0,11,2017,-0.011899151743637981,Slight or No change
2017-11-24,83.26,83.01,83.43,82.78,7.43M,7430000.0,11,2017,-0.007273160844163629,Slight or No change
2017-11-22,83.11,83.83,83.9,83.04,20.55M,20550000.0,11,2017,-0.0018015853951478533,Slight or No change
2017-11-21,83.72,82.74,83.84,82.74,21.24M,21240000.0,11,2017,0.00733967031644811,Slight or No change
2017-11-20,82.53,82.4,82.59,82.25,16.31M,16309999.999999998,11,2017,-0.01421404682274241,Slight or No change
2017-11-17,82.4,83.12,83.12,82.24,22.08M,22080000.0,11,2017,-0.0015751847812915942,Slight or No change
2017-11-16,83.2,83.1,83.42,82.94,20.96M,20960000.0,11,2017,0.009708737864077666,Slight or No change
2017-11-15,82.98,83.47,83.69,82.69,19.38M,19380000.0,11,2017,-0.0026442307692307043,Slight or No change
2017-11-14,84.05,83.5,84.1,82.98,18.80M,18800000.0,11,2017,0.01289467341528061,Slight or No change
2017-11-13,83.93,83.66,83.94,83.46,14.20M,14200000.0,11,2017,-0.0014277215942889443,Slight or No change
2017-11-10,83.87,83.79,84.09,83.23,19.40M,19400000.0,11,2017,-0.0007148814488264765,Slight or No change
2017-11-09,84.09,84.11,84.27,82.9,21.18M,21180000.0,11,2017,0.0026231071896982705,Slight or No change
2017-11-08,84.56,84.14,84.61,83.83,18.03M,18030000.0,11,2017,0.005589249613509262,Slight or No change
2017-11-07,84.27,84.77,84.9,83.93,17.94M,17940000.0,11,2017,-0.003429517502365309,Slight or No change
2017-11-06,84.47,84.2,84.7,84.08,19.86M,19860000.0,11,2017,0.0023733238400380774,Slight or No change
2017-11-03,84.14,84.08,84.54,83.4,17.63M,17630000.0,11,2017,-0.00390671244228713,Slight or No change
2017-11-02,84.05,83.35,84.46,83.12,23.99M,23990000.0,11,2017,-0.001069645828381316,Slight or No change
2017-11-01,83.18,83.68,83.76,82.88,22.31M,22310000.0,11,2017,-0.010350981558595929,Slight or No change
2017-10-31,83.18,84.36,84.36,83.11,27.09M,27090000.0,10,2017,0.0,Slight or No change
2017-10-30,83.89,83.7,84.33,83.11,31.76M,31760000.0,10,2017,0.008535705698485163,Slight or No change
2017-10-27,83.81,84.37,86.2,83.61,71.07M,71070000.0,10,2017,-0.0009536297532483085,Slight or No change
2017-10-26,78.76,79.2,79.42,78.75,32.12M,32119999.999999996,10,2017,-0.06025533945829853,Slight or No change
2017-10-25,78.63,78.58,79.1,78.01,20.41M,20410000.0,10,2017,-0.0016505840528188154,Slight or No change
